﻿pos_x,pos_y,rotation,side,designator,mpn,pack,value,mount_type,place
55.89,-46.99,90.0,top,J1,,PinHeader_1x04_P2.54mm_Vertical,Conn_01x04,tht,True
55.88,-52.07,90.0,top,J2,,PinHeader_1x04_P2.54mm_Vertical,Conn_01x04,tht,True
60.96,-39.37,90.0,top,J3,,PinHeader_1x02_P2.54mm_Vertical,Conn_01x02,tht,True
55.88,-59.69,90.0,top,J4,,PinHeader_1x04_P2.54mm_Vertical,Conn_01x04,tht,True
55.88,-64.77,90.0,top,J5,,PinHeader_1x04_P2.54mm_Vertical,Conn_01x04,tht,True
55.88,-72.39,90.0,top,J6,,PinHeader_1x04_P2.54mm_Vertical,Conn_01x04,tht,True
55.88,-77.47,90.0,top,J7,,PinHeader_1x04_P2.54mm_Vertical,Conn_01x04,tht,True
91.794,-24.13,0.0,top,U1,,Raspberry_pi_pico,~,tht,True
